<SenConfiguration xmlns="urn:com.nokia.Sen.config.1.0"><Framework xmlns="urn:com.nokia.Sen.idwsf.config.1.0" class="com.nokia.Sen.idwsf.IdentityBasedWebServicesFramework"/><ServiceDescription framework="ID-WSF"><Contract>urn:liberty:disco:2003-08</Contract><Endpoint>http://selma.ndhub.net:9080/tfs-soap/IDPDiscoveryService</Endpoint><Credentials notOnOrAfter="2004-12-02T10:48:25Z" ><saml:Assertion xmlns:saml="urn:oasis:names:tc:SAML:1.0:assertion" AssertionID="id77d69da1bbd26377d82080893b33f992b647f62" IssueInstant="2004-12-02T09:48:25.000Z" Issuer="http://selma.ndhub.net:9080/tfs" MajorVersion="1" MinorVersion="1"><saml:Conditions NotOnOrAfter="2004-12-02T10:48:25.000Z"><saml:AudienceRestrictionCondition><saml:Audience>http://selma.ndhub.net:9080/tfs</saml:Audience></saml:AudienceRestrictionCondition></saml:Conditions><saml:AuthenticationStatement AuthenticationInstant="2004-12-02T09:48:25.000Z" AuthenticationMethod="urn:oasis:names:tc:SAML:1.0:am:password"><saml:Subject><saml:NameIdentifier>testuser1</saml:NameIdentifier><saml:SubjectConfirmation><saml:ConfirmationMethod>urn:oasis:names:tc:SAML:1.0:cm:bearer</saml:ConfirmationMethod></saml:SubjectConfirmation></saml:Subject></saml:AuthenticationStatement><ds:Signature xmlns:ds="http://www.w3.org/2000/09/xmldsig#">
<ds:SignedInfo>
<ds:CanonicalizationMethod Algorithm="http://www.w3.org/2001/10/xml-exc-c14n#"></ds:CanonicalizationMethod>
<ds:SignatureMethod Algorithm="http://www.w3.org/2000/09/xmldsig#rsa-sha1"></ds:SignatureMethod>
<ds:Reference URI="#id77d69da1bbd26377d82080893b33f992b647f62">
<ds:Transforms>
<ds:Transform Algorithm="http://www.w3.org/2000/09/xmldsig#enveloped-signature"></ds:Transform>
<ds:Transform Algorithm="http://www.w3.org/2001/10/xml-exc-c14n#"></ds:Transform>
</ds:Transforms>
<ds:DigestMethod Algorithm="http://www.w3.org/2000/09/xmldsig#sha1"></ds:DigestMethod>
<ds:DigestValue>670Nfsr+UXUfEoWqhJFKq5eIy/Y=</ds:DigestValue>
</ds:Reference>
</ds:SignedInfo>
<ds:SignatureValue>
aIuSr0EGlNLK6F92mqsQNkmU8qTlAOImjb//Ufzn1DHQlqfWmUkRL9qQODwq2H7sTbIxdwTuKj50
HhioMh22Dui+a2isaZfixB7kaITvQBxVr7zDdQ2zQxOrkIKkWr0EqtJqOjxBfYXJKp2dkkQ6LUcA
0wBF6VmBk/l5scpCzgw=
</ds:SignatureValue>
</ds:Signature></saml:Assertion></Credentials><ProviderID>http://selma.ndhub.net:9080/tfs</ProviderID><ResourceID>http://selma.ndhub.net:9080/tfs/local/testuser1</ResourceID><TrustAnchor>http://selma.ndhub.net:9080/tfs/</TrustAnchor><ServiceInterval>-1430000</ServiceInterval></ServiceDescription><ServiceDescription framework="ID-WSF"><Contract>urn:nokia:test:addrbook:2004-09</Contract><Endpoint>http://selma.ndhub.net:9080/addrbook/addrbook</Endpoint><Credentials notOnOrAfter="2004-12-02T10:48:25Z" ><saml:Assertion xmlns:saml="urn:oasis:names:tc:SAML:1.0:assertion" AssertionID="i0e48850216cc3fb9d395af719275936704cbb372" IssueInstant="2004-12-02T09:48:25.000Z" Issuer="http://selma.ndhub.net:9080/tfs" MajorVersion="1" MinorVersion="1"><saml:Conditions NotOnOrAfter="2004-12-02T10:48:25.000Z"><saml:AudienceRestrictionCondition><saml:Audience>http://selma.ndhub.net:9080/tfs</saml:Audience></saml:AudienceRestrictionCondition></saml:Conditions><saml:AuthenticationStatement AuthenticationInstant="2004-12-02T09:48:25.000Z" AuthenticationMethod="urn:oasis:names:tc:SAML:1.0:am:password"><saml:Subject><saml:NameIdentifier>testuser1</saml:NameIdentifier><saml:SubjectConfirmation><saml:ConfirmationMethod>urn:oasis:names:tc:SAML:1.0:cm:bearer</saml:ConfirmationMethod></saml:SubjectConfirmation></saml:Subject></saml:AuthenticationStatement><ds:Signature xmlns:ds="http://www.w3.org/2000/09/xmldsig#">
<ds:SignedInfo>
<ds:CanonicalizationMethod Algorithm="http://www.w3.org/2001/10/xml-exc-c14n#"></ds:CanonicalizationMethod>
<ds:SignatureMethod Algorithm="http://www.w3.org/2000/09/xmldsig#rsa-sha1"></ds:SignatureMethod>
<ds:Reference URI="#i0e48850216cc3fb9d395af719275936704cbb372">
<ds:Transforms>
<ds:Transform Algorithm="http://www.w3.org/2000/09/xmldsig#enveloped-signature"></ds:Transform>
<ds:Transform Algorithm="http://www.w3.org/2001/10/xml-exc-c14n#"></ds:Transform>
</ds:Transforms>
<ds:DigestMethod Algorithm="http://www.w3.org/2000/09/xmldsig#sha1"></ds:DigestMethod>
<ds:DigestValue>8UzrmK7FvJurE2cYtc7yia/1qhI=</ds:DigestValue>
</ds:Reference>
</ds:SignedInfo>
<ds:SignatureValue>
kjzKU1fSf/lLPnQBebUELsNk+xLJoy5lS86mZH8s8P3tWglJznukjvs5apFZyJHoxTXjopjujXXl
CqTNZQWhpj6Gl96P7WaaQpQ3n3wZDlJvlPKZH3FpjyZQ/9tGJHNa6AjaS5TTqFNFXl5j83ksQPv1
2W3qbtpGRe0+7sduYJg=
</ds:SignatureValue>
</ds:Signature></saml:Assertion></Credentials><ProviderID>http://selma.ndhub.net:9080/tfs</ProviderID><ResourceID>http://selma.ndhub.net:9080/tfs/local/testuser1</ResourceID><TrustAnchor>http://selma.ndhub.net:9080/tfs/</TrustAnchor><ServiceInterval>-1155000</ServiceInterval></ServiceDescription><ServiceDescription framework="ID-WSF"><Contract>urn:liberty:as:2004-04</Contract><Endpoint>http://selma.ndhub.net:9080/tfs/IDPSSO_IDWSF</Endpoint><ProviderID>http://selma.ndhub.net:9080/tfs/</ProviderID><ServiceInterval>-1211000</ServiceInterval></ServiceDescription></SenConfiguration>