<?xml version="1.0"?>
<!-- Testcase: cdata_nested.xml -->
<!-- Description: To tested CDATA element that is not well-formed. The XML parser should display a error -->
<!-- Author:  Chris Petersen  Date: 12/15/2000 -->
<!-- 
   - The contents of this file are subject to the Mozilla Public
   - License Version 1.1 (the "License"); you may not use this file
   - except in compliance with the License. You may obtain a copy of
   - the License at http://www.mozilla.org/MPL/
   - 
   - Software distributed under the License is distributed on an "AS
   - IS" basis, WITHOUT WARRANTY OF ANY KIND, either express or
   - implied. See the License for the specific language governing
   - rights and limitations under the License.
   - 
   - The Original Code is Mozilla Communicator Test Cases.
   - 
   - The Initial Developer of the Original Code is Netscape Communications
   - Corp.  Portions created by Netscape Communications Corp. are 
   - Copyright (C) 1999 Netscape Communications Corp.  All
   - Rights Reserved.
   - 
   - Contributor(s): 
  -->
<root>
<![CDATA[<P>This markup should <![CDATA[<P>This markup should be <i>processed as </i>character data</P>]]> be <i>processed as </i>character data</P>]]>
This text shouldn't appear
</root></root>